metering_point_id;total_payout
mp_1;15.98
mp_3;1123.02
mp_4;11.969999999999999
mp_2;6.966199999999997
