metering_point_id;vat
mp_1;3.0362
mp_3;213.3738
mp_4;2.2742999999999998
mp_2;1.3235779999999995
