metering_point_id;tga
mp_1;19.0162
mp_3;1336.3938
mp_4;14.244299999999999
mp_2;8.289777999999997
